<?xml version="1.0" encoding="UTF-8" standalone="yes"?>
<addon id="repository.xbrepo"
        name="xbrepo's repository"
        version="1.0.0"
        provider-name="xbrepo">
    <extension point="xbmc.addon.repository"
        name="xbrepo's Repository">
		
		<info>https://raw.githubusercontent.com/lhy046510/BIT_REPO/master/addons.xml</info>
        <checksum>https://raw.githubusercontent.com/lhy046510/BIT_REPO/master/addons.xml.md5</checksum>
        <datadir zip="true">https://raw.githubusercontent.com/lhy046510/BIT_REPO/master/zips/</datadir>
		
    </extension>
    <extension point="xbmc.addon.metadata">
        <summary>xbrepo's repository for study</summary>
        <description>Download and install addons for XBMC 14.0 </description>
        <disclaimer>-</disclaimer>
        <platform>all</platform>
    </extension>
</addon>

